{"cameraMode":{"drawMode":0,"name":"Shaded","section":"Shading Mode"},"sceneLighting":false,"audioPlay":false,"sceneViewState":{"showFog":false,"showMaterialUpdate":false,"showSkybox":false,"showFlares":false,"showImageEffects":false,"showParticleSystems":false},"in2DMode":false,"pivot":{"x":6.247838973999023,"y":-3.9910926818847658,"z":-2.2638931274414064},"rotation":{"x":0.11676992475986481,"y":0.12038096785545349,"z":-0.014218655414879322,"w":0.9857985973358154},"size":18.74355125427246,"orthographic":false}