{"cameraMode":{"drawMode":0,"name":"Shaded","section":"Shading Mode"},"sceneLighting":false,"audioPlay":false,"sceneViewState":{"showFog":false,"showMaterialUpdate":false,"showSkybox":false,"showFlares":false,"showImageEffects":false,"showParticleSystems":false},"in2DMode":false,"pivot":{"x":-0.49896275997161868,"y":1.924759030342102,"z":0.1993218958377838},"rotation":{"x":-0.007589637767523527,"y":0.6909812688827515,"z":0.0072555565275251869,"w":0.7227962613105774},"size":0.9708485007286072,"orthographic":false}