{"cameraMode":{"drawMode":0,"name":"Shaded","section":"Shading Mode"},"sceneLighting":false,"audioPlay":false,"sceneViewState":{"showFog":false,"showMaterialUpdate":false,"showSkybox":false,"showFlares":false,"showImageEffects":false,"showParticleSystems":false},"in2DMode":false,"pivot":{"x":9.860933303833008,"y":-2.6810779571533205,"z":-7.3422088623046879},"rotation":{"x":0.24941276013851167,"y":0.10145778954029083,"z":-0.026285039260983468,"w":0.9627101421356201},"size":18.629268646240236,"orthographic":false}