{"cameraMode":{"drawMode":0,"name":"Shaded","section":"Shading Mode"},"sceneLighting":true,"audioPlay":false,"sceneViewState":{"showFog":false,"showMaterialUpdate":false,"showSkybox":true,"showFlares":false,"showImageEffects":false,"showParticleSystems":false},"in2DMode":false,"pivot":{"x":23.039886474609376,"y":5.000121593475342,"z":-9.41765022277832},"rotation":{"x":0.16245414316654206,"y":-0.23349831998348237,"z":0.039603546261787418,"w":0.9578807950019836},"size":12.793274879455567,"orthographic":true}